{
    "dir": "Task2/data/",
    "bl_dir": "data/",
    "all_bs_file": "test_BS-mnist-clean.npy",
    "all_label_file": "test_Label-mnist-clean.npy",
    "bs_file": "subsamples-mnist-ratio_0.05-285857.296.npy",
    "label_file": "sublabels-mnist-ratio_0.05-285857.296.npy",
    "ae_files": [
        "test_AE-mnist-cnn-clean-fgsm_eps0.1.npy",
        "test_AE-mnist-cnn-clean-fgsm_eps0.15.npy",
        "test_AE-mnist-cnn-clean-fgsm_eps0.2.npy",
        "test_AE-mnist-cnn-clean-fgsm_eps0.25.npy",
        "test_AE-mnist-cnn-clean-fgsm_eps0.3.npy",
        "test_AE-mnist-cnn-clean-bim_ord2_eps0.75.npy",
        "test_AE-mnist-cnn-clean-bim_ord2_eps0.85.npy",
        "test_AE-mnist-cnn-clean-bim_ord2_eps1.npy",
        "test_AE-mnist-cnn-clean-bim_ord2_eps1.1.npy",
        "test_AE-mnist-cnn-clean-bim_ord2_eps1.2.npy",
        "test_AE-mnist-cnn-clean-bim_ordinf_eps0.075.npy",
        "test_AE-mnist-cnn-clean-bim_ordinf_eps0.082.npy",
        "test_AE-mnist-cnn-clean-bim_ordinf_eps0.09.npy",
        "test_AE-mnist-cnn-clean-bim_ordinf_eps0.1.npy",
        "test_AE-mnist-cnn-clean-bim_ordinf_eps0.12.npy",
        "test_AE-mnist-cnn-clean-cw_l2_lr0.0098.npy",
        "test_AE-mnist-cnn-clean-cw_l2_lr0.01.npy",
        "test_AE-mnist-cnn-clean-cw_l2_lr0.012.npy",
        "test_AE-mnist-cnn-clean-cw_l2_lr0.015.npy",
        "test_AE-mnist-cnn-clean-cw_l2_lr0.018.npy",
        "test_AE-mnist-cnn-clean-deepfool_l2_overshoot3.npy",
        "test_AE-mnist-cnn-clean-deepfool_l2_overshoot5.npy",
        "test_AE-mnist-cnn-clean-deepfool_l2_overshoot8.npy",
        "test_AE-mnist-cnn-clean-deepfool_l2_overshoot16.npy",
        "test_AE-mnist-cnn-clean-deepfool_l2_overshoot50.npy",
        "test_AE-mnist-cnn-clean-jsma_theta0.15_gamma0.5.npy",
        "test_AE-mnist-cnn-clean-jsma_theta0.17_gamma0.5.npy",
        "test_AE-mnist-cnn-clean-jsma_theta0.18_gamma0.5.npy",
        "test_AE-mnist-cnn-clean-jsma_theta0.21_gamma0.5.npy",
        "test_AE-mnist-cnn-clean-jsma_theta0.25_gamma0.5.npy",
        "test_AE-mnist-cnn-clean-pgd_eps0.075.npy",
        "test_AE-mnist-cnn-clean-pgd_eps0.082.npy",
        "test_AE-mnist-cnn-clean-pgd_eps0.09.npy",
        "test_AE-mnist-cnn-clean-pgd_eps0.1.npy",
        "test_AE-mnist-cnn-clean-pgd_eps0.11.npy",
        "test_AE-mnist-cnn-clean-mim_eps0.06.npy",
        "test_AE-mnist-cnn-clean-mim_eps0.067.npy",
        "test_AE-mnist-cnn-clean-mim_eps0.075.npy",
        "test_AE-mnist-cnn-clean-mim_eps0.085.npy",
        "test_AE-mnist-cnn-clean-mim_eps0.1.npy",
        "test_AE-mnist-cnn-clean-onepixel_pxCount15.npy",
        "test_AE-mnist-cnn-clean-onepixel_pxCount30.npy",
        "test_AE-mnist-cnn-clean-onepixel_pxCount35.npy",
        "test_AE-mnist-cnn-clean-onepixel_pxCount40.npy",
        "test_AE-mnist-cnn-clean-onepixel_pxCount75.npy"
    ],

    "task1_aes": [
        "bim-187978.156.npy",
        "bim-188003.937.npy",
        "bim-188042.406.npy",
        "bim-188092.234.npy",
        "bim-188142.046.npy",
        "fgsm-187886.64.npy",
        "fgsm-187889.875.npy",
        "fgsm-187892.859.npy",
        "fgsm-187896.031.npy",
        "pgd-187909.625.npy",
        "pgd-187923.437.npy",
        "pgd-187937.515.npy",
        "pgd-187951.687.npy"
    ],
    "task2_aes": [
        "task2-FGSM_0.5.npy",
        "task2-FGSM_eps0.1.npy",
        "task2-FGSM_eps0.01.npy",
        "task2-FGSM_eps0.2.npy",
        "task2-FGSM_eps0.05.npy",
        "task2-PGD_eps0.1.npy",
        "task2-PGD_eps0.2.npy",
        "task2-PGD_eps0.5.npy",
        "task2-PGD_eps0.05.npy",
        "task2-PGD_eps0.7.npy"
    ]
}