{
    "num_transformations": 73,
    "active_wds": [1, 4, 7, 12, 15, 18, 21, 25, 26, 28, 35, 37, 39, 45, 50, 55, 58, 67, 70, 72],
    "configs0": {
        "type": "clean",
        "subtype": "",
        "id": 0,
        "description": "clean"
    },
    "configs1": {
        "type": "rotate",
        "subtype": "",
        "id": 1,
        "description": "rotate90",
        "angle": 90
    },
    "configs2": {
        "type": "rotate",
        "subtype": "",
        "id": 2,
        "description": "rotate180",
        "angle": 180
    },
    "configs3": {
        "type": "rotate",
        "subtype": "",
        "id": 3,
        "description": "rotate270",
        "angle": 270
    },
    "configs4": {
        "type": "shift",
        "subtype": "",
        "id": 4,
        "description": "shift_left",
    	"x_offset": -0.15,
    	"y_offset": 0
    },
    "configs5": {
        "type": "shift",
        "subtype": "",
        "id": 5,
        "description": "shift_right",
    	"x_offset": 0.15,
    	"y_offset": 0
    },
    "configs6": {
        "type": "shift",
        "subtype": "",
        "id": 6,
        "description": "shift_up",
    	"x_offset": 0,
    	"y_offset": -0.15
    },
    "configs7": {
        "type": "shift",
        "subtype": "",
        "id": 7,
        "description": "shift_down",
    	"x_offset": 0,
    	"y_offset": 0.15
    },
    "configs8": {
        "type": "shift",
        "subtype": "",
        "id": 8,
        "description": "shift_top_left",
    	"x_offset": -0.15,
    	"y_offset": -0.15
    },
    "configs9": {
        "type": "shift",
        "subtype": "",
        "id": 9,
        "description": "shift_top_right",
    	"x_offset": 0.15,
    	"y_offset": -0.15
    },
    "configs10": {
        "type": "shift",
        "subtype": "",
        "id": 10,
        "description": "shift_bottom_left",
    	"x_offset": -0.15,
    	"y_offset": 0.15
    },
    "configs11": {
        "type": "shift",
        "subtype": "",
        "id": 11,
        "description": "shift_bottom_right",
    	"x_offset": 0.15,
    	"y_offset": 0.15
    },
    "configs12": {
        "type": "flip",
        "subtype": "",
        "id": 12,
        "description": "flip_horizontal",
        "direction": 1
    },
    "configs13": {
        "type": "flip",
        "id": 13,
        "description": "flip_vertical",
    	"direction": 0
    },
    "configs14": {
        "type": "flip",
        "subtype": "",
        "id": 14,
        "description": "flip_both",
        "direction": -1
    },
    "configs15": {
        "type": "affine",
        "subtype": "",
        "id": 15,
        "description": "affine_vertical_compress",
    	"origin_point1": [0.25,0.25],
        "origin_point2": [0.25,0.5],
        "origin_point3": [0.5,0.25],
        "new_point1": [0.25,0.32],
        "new_point2": [0.25,0.48],
        "new_point3": [0.5,0.32]
    },
    "configs16": {
        "type": "affine",
        "subtype": "",
        "id": 16,
        "description": "affine_vertical_stretch",
    	"origin_point1": [0.25,0.25],
        "origin_point2": [0.25,0.5],
        "origin_point3": [0.5,0.25],
        "new_point1": [0.25,0.2],
        "new_point2": [0.25,0.55],
        "new_point3": [0.5,0.2]
    },
    "configs17": {
        "type": "affine",
        "subtype": "",
        "id": 17,
        "description": "affine_horizontal_compress",
    	"origin_point1": [0.25,0.25],
        "origin_point2": [0.25,0.5],
        "origin_point3": [0.5,0.25],
        "new_point1": [0.32,0.25],
        "new_point2": [0.32,0.5],
        "new_point3": [0.43,0.25]
    },
    "configs18": {
        "type": "affine",
        "id": 18,
        "description": "affine_horizontal_stretch",
    	"origin_point1": [0.25,0.25],
        "origin_point2": [0.25,0.5],
        "origin_point3": [0.5,0.25],
        "new_point1": [0.2,0.25],
        "new_point2": [0.2,0.5],
        "new_point3": [0.55,0.25]
    },
    "configs19": {
        "type": "affine",
        "id": 19,
        "description": "affine_both_compress",
    	"origin_point1": [0.25,0.25],
        "origin_point2": [0.25,0.5],
        "origin_point3": [0.5,0.25],
        "new_point1": [0.28,0.28],
        "new_point2": [0.28,0.47],
        "new_point3": [0.47,0.28]
    },
    "configs20": {
        "type": "affine",
        "subtype": "",
        "id": 20,
        "description": "affine_both_stretch",
    	"origin_point1": [0.25,0.25],
        "origin_point2": [0.25,0.5],
        "origin_point3": [0.5,0.25],
        "new_point1": [0.22,0.22],
        "new_point2": [0.22,0.55],
        "new_point3": [0.55,0.22]
    },
    "configs21": {
        "type": "morph",
        "subtype": "erosion",
        "id": 21,
        "description": "morph_erosion",
        "kernel_w": 2,
        "kernel_h": 2
    },
    "configs22": {
        "type": "morph",
        "subtype": "dilation",
        "id": 22,
        "description": "morph_dilation",
        "kernel_w": 2,
        "kernel_h": 2
    },
    "configs23": {
        "type": "morph",
        "subtype": "opening",
        "id": 23,
        "description": "morph_opening",
        "kernel_w": 2,
        "kernel_h": 2
    },
    "configs24": {
        "type": "morph",
        "subtype": "closing",
        "id": 24,
        "description": "morph_closing",
        "kernel_w": 2,
        "kernel_h": 2
    },
    "configs25": {
        "type": "morph",
        "subtype": "gradient",
        "id": 25,
        "description": "morph_gradient",
        "kernel_w": 2,
        "kernel_h": 2
    },
    "configs26": {
        "type": "augment",
        "subtype": "samplewise_std_norm",
        "id": 26,
        "description": "augment_samplewise_std_norm"
    },
    "configs27": {
        "type": "augment",
        "subtype": "feature_std_norm",
        "id": 27,
        "description": "augment_feature_std_norm"
    },
    "configs28": {
        "type": "cartoon",
        "subtype": "mean_type1",
        "id": 28,
        "description": "cartoon_mean_type1",
        "thresh_adaptive_method": "mean",
        "nb_downsampling": 0,
        "nb_bilateral": 3,
        "blur_ksize": 3,
        "thresh_bsize": 9,
        "thresh_C": 9,
        "filter_d": 9,
        "filter_sigma_color": 300,
        "filter_sigma_space": 30
    },
    "configs29": {
        "type": "cartoon",
        "subtype": "mean_type2",
        "id": 29,
        "description": "cartoon_mean_type2",
        "thresh_adaptive_method": "mean",
        "nb_downsampling": 1,
        "nb_bilateral": 100,
        "blur_ksize": 3,
        "thresh_bsize": 3,
        "thresh_C": 9,
        "filter_d": 9,
        "filter_sigma_color": 300,
        "filter_sigma_space": 30
    },
    "configs30": {
        "type": "cartoon",
        "subtype": "mean_type3",
        "id": 30,
        "description": "cartoon_mean_type3",
        "thresh_adaptive_method": "mean",
        "nb_downsampling": 2,
        "nb_bilateral": 0,
        "blur_ksize": 3,
        "thresh_bsize": 9,
        "thresh_C": 7,
        "filter_d": 9,
        "filter_sigma_color": 100,
        "filter_sigma_space": 30
    },
    "configs31": {
        "type": "cartoon",
        "subtype": "mean_type4",
        "id": 31,
        "description": "cartoon_mean_type4",
        "thresh_adaptive_method": "mean",
        "nb_downsampling": 0,
        "nb_bilateral": 3,
        "blur_ksize": 3,
        "thresh_bsize": 5,
        "thresh_C": 5,
        "filter_d": 25,
        "filter_sigma_color": 300,
        "filter_sigma_space": 30
    },
    "configs32": {
        "type": "cartoon",
        "subtype": "gaussian_type1",
        "id": 32,
        "description": "cartoon_gaussian_type1",
        "thresh_adaptive_method": "gaussian",
        "nb_downsampling": 1,
        "nb_bilateral": 10,
        "blur_ksize": 3,
        "thresh_bsize": 9,
        "thresh_C": 9,
        "filter_d": 250,
        "filter_sigma_color": 300,
        "filter_sigma_space": 30
    },
    "configs33": {
        "type": "cartoon",
        "subtype": "gaussian_type2",
        "id": 33,
        "description": "cartoon_gaussian_type2",
        "thresh_adaptive_method": "gaussian",
        "nb_downsampling": 1,
        "nb_bilateral": 100,
        "blur_ksize": 3,
        "thresh_bsize": 3,
        "thresh_C": 9,
        "filter_d": 250,
        "filter_sigma_color": 300,
        "filter_sigma_space": 30
    },
    "configs34": {
        "type": "cartoon",
        "subtype": "gaussian_type3",
        "id": 34,
        "description": "cartoon_gaussian_type3",
        "thresh_adaptive_method": "gaussian",
        "nb_downsampling": 2,
        "nb_bilateral": 0,
        "blur_ksize": 3,
        "thresh_bsize": 9,
        "thresh_C": 7,
        "filter_d": 250,
        "filter_sigma_color": 100,
        "filter_sigma_space": 30
    },
    "configs35": {
        "type": "cartoon",
        "subtype": "gaussian_type4",
        "id": 35,
        "description": "cartoon_gaussian_type4",
        "thresh_adaptive_method": "gaussian",
        "nb_downsampling": 1,
        "nb_bilateral": 10,
        "blur_ksize": 3,
        "thresh_bsize": 5,
        "thresh_C": 5,
        "filter_d": 25,
        "filter_sigma_color": 300,
        "filter_sigma_space": 30
    },
    "configs36": {
        "type": "quant",
        "subtype": "4_clusters",
        "id": 36,
        "description": "quant_4_clusters",
        "nb_clusters": 4
    },
    "configs37": {
        "type": "quant",
        "subtype": "8_clusters",
        "id": 37,
        "description": "quant_8_clusters",
        "nb_clusters": 8
    },
    "configs38": {
        "type": "distort",
        "subtype": "x",
        "id": 38,
        "description": "distort_x",
        "r1": 5.0,
        "r2": 2.0,
        "c": 28.0
    },
    "configs39": {
        "type": "distort",
        "subtype": "y",
        "id": 39,
        "description": "distort_y",
        "r1": 5.0,
        "r2": 2.0,
        "c": 28.0
    },
    "configs40": {
        "type": "noise",
        "subtype": "gaussian",
        "id": 40,
        "description": "noise_gaussian",
        "noise": "gaussian"
    },
    "configs41": {
        "type": "noise",
        "subtype": "localvar",
        "id": 41,
        "description": "noise_localvar",
        "noise": "localvar"
    },
    "configs42": {
        "type": "noise",
        "subtype": "poisson",
        "id": 42,
        "description": "noise_poisson",
        "noise": "poisson"
    },
    "configs43": {
        "type": "noise",
        "subtype": "salt",
        "id": 43,
        "description": "noise_salt",
        "noise": "salt"
    },
    "configs44": {
        "type": "noise",
        "subtype": "pepper",
        "id": 44,
        "description": "noise_pepper",
        "noise": "pepper"
    },
    "configs45": {
        "type": "noise",
        "subtype": "s&p",
        "id": 45,
        "description": "noise_sNp",
        "noise": "s&p"
    },
    "configs46": {
        "type": "noise",
        "subtype": "speckle",
        "id": 46,
        "description": "noise_speckle",
        "noise": "speckle"
    },
    "configs47": {
        "type": "filter",
        "subtype": "sobel",
        "id": 47,
        "description": "filter_sobel"
    },
    "configs48": {
        "type": "filter",
        "subtype": "gaussian",
        "id": 48,
        "description": "filter_gaussian",
        "sigma": 1
    },
    "configs49": {
        "type": "filter",
        "subtype": "rank",
        "id": 49,
        "description": "filter_rank",
        "size": 3,
        "rank": 15
    },
    "configs50": {
        "type": "filter",
        "subtype": "median",
        "id": 50,
        "description": "filter_median",
        "size": 3
    },
    "configs51": {
        "type": "filter",
        "subtype": "minimum",
        "id": 51,
        "description": "filter_minimum",
        "size": 3
    },
    "configs52": {
        "type": "filter",
        "subtype": "maximum",
        "id": 52,
        "description": "filter_maximum",
        "size": 3
    },
    "configs53": {
        "type": "filter",
        "subtype": "roberts",
        "id": 53,
        "description": "filter_roberts"
    },
    "configs54": {
        "type": "filter",
        "subtype": "scharr",
        "id": 54,
        "description": "filter_scharr"
    },
    "configs55": {
        "type": "filter",
        "subtype": "entropy",
        "id": 55,
        "description": "filter_entropy",
        "radius": 2
    },
    "configs56": {
        "type": "filter",
        "subtype": "prewitt",
        "id": 56,
        "description": "filter_prewitt"
    },
    "configs57": {
        "type": "compress",
        "subtype": "jpeg",
        "id": 57,
        "description": "compress_jpeg_quality_80",
        "format": ".jpeg",
        "compress_rate": 80
    },
    "configs58": {
        "type": "compress",
        "subtype": "jpeg",
        "id": 58,
        "description": "compress_jpeg_quality_50",
        "format": ".jpeg",
        "compress_rate": 50
    },
    "configs59": {
        "type": "compress",
        "subtype": "jpeg",
        "id": 59,
        "description": "compress_jpeg_quality_30",
        "format": ".jpeg",
        "compress_rate": 30
    },
    "configs60": {
        "type": "compress",
        "subtype": "jpeg",
        "id": 60,
        "description": "compress_jpeg_quality_10",
        "format": ".jpeg",
        "compress_rate": 10
    },
    "configs61": {
        "type": "compress",
        "subtype": "png",
        "id": 61,
        "description": "compress_png_compression_1",
        "format": ".png",
        "compress_rate": 1
    },
    "configs62": {
        "type": "compress",
        "subtype": "png",
        "id": 62,
        "description": "compress_png_compression_8",
        "format": ".png",
        "compress_rate": 8
    },
    "configs63": {
        "type": "compress",
        "subtype": "png",
        "id": 63,
        "description": "compress_png_compression_5",
        "format": ".png",
        "compress_rate": 5
    },
    "configs64": {
        "type": "denoise",
        "subtype": "tv_chambolle",
        "id": 64,
        "description": "denoise_tv_chambolle",
        "weight": 0.4,
        "epsilon": 2e-4,
        "max_iter": 200
    },
    "configs65": {
        "type": "denoise",
        "subtype": "tv_bregman",
        "id": 65,
        "description": "denoise_tv_bregman",
        "weight": 2,
        "epsilon": 1e-6,
        "max_iter": 50
    },
    "configs66": {
        "type": "denoise",
        "subtype": "wavelet",
        "id": 66,
        "description": "denoise_wavelet",
        "method": "VisuShrink",
        "mode": "soft",
        "wavelet": "db1"
    },
    "configs67": {
        "type": "denoise",
        "subtype": "nl_means",
        "id": 67,
        "description": "denoise_nl_means",
        "patch_size": 5,
        "patch_distance": 6,
        "hr": 0.8,
        "sr": 1
    },
    "configs68": {
        "type": "denoise",
        "subtype": "nl_means_fast",
        "id": 68,
        "description": "denoise_nl_means_fast",
        "patch_size": 5,
        "patch_distance": 6,
        "hr": 0.8,
        "sr": 1
    },
    "configs69": {
        "type": "geometric",
        "subtype": "swirl",
        "id": 69,
        "description": "geo_swirl",
        "strength": 3,
        "radius": 65,
        "order": 1,
        "mode": "reflect"
    },
    "configs70": {
        "type": "geometric",
        "subtype": "iradon",
        "id": 70,
        "description": "geo_iradon",
        "ls_start": -100.0,
        "ls_stop": 128.0,
        "ls_num": 28,
        "filter": "ramp",
        "interpolation": "linear"
    },
    "configs71": {
        "type": "geometric",
        "subtype": "iradon_sart",
        "id": 71,
        "description": "geo_iradon_sart",
        "ls_start": -150.0,
        "ls_stop": 150.0,
        "ls_num": 28,
        "filter": "ramp",
        "interpolation": "linear"
    },
    "configs72": {
        "type": "segment",
        "subtype": "gradient",
        "id": 72,
        "description": "seg_gradient",
        "median_radius": 2,
        "gradient_radius": 1
    }
}