{
  "num_attacks": 10,
  "configs0": {
    "attack": "fgsm",
    "description": "fgsm_eps0.03",
    "eps": 0.03,
    "distribution": {
      "num_samples": 1000,
      "transformation": "rotation",
      "min_angle": -45,
      "max_angle": 45
    }
  },
  "configs1": {
    "attack": "fgsm",
    "description": "fgsm_eps0.07",
    "eps": 0.07,
    "distribution": {
      "num_samples": 1000,
      "transformation": "rotation",
      "min_angle": -45,
      "max_angle": 45
    }
  },
  "configs2": {
    "attack": "fgsm",
    "description": "fgsm_eps0.1",
    "eps": 0.1,
    "distribution": {
      "num_samples": 1000,
      "transformation": "rotation",
      "min_angle": -45,
      "max_angle": 45
    }
  },
  "configs3": {
    "attack": "fgsm",
    "description": "fgsm_eps0.2",
    "eps": 0.2,
    "distribution": {
      "num_samples": 1000,
      "transformation": "rotation",
      "min_angle": -45,
      "max_angle": 45
    }
  },
  "configs4": {
    "attack": "fgsm",
    "description": "fgsm_eps0.3",
    "eps": 0.3,
    "distribution": {
      "num_samples": 1000,
      "transformation": "rotation",
      "min_angle": -45,
      "max_angle": 45
    }
  },
  "configs5": {
    "attack": "pgd",
    "description": "pgd_eps0.03",
    "eps": 0.03,
    "distribution": {
      "num_samples": 500,
      "transformation": "translation",
      "min_offset": -0.2,
      "max_offset": 0.2
    }
  },
  "configs6": {
    "attack": "pgd",
    "description": "pgd_eps0.07",
    "eps": 0.07,
    "distribution": {
      "num_samples": 500,
      "transformation": "translation",
      "min_offset": -0.2,
      "max_offset": 0.2
    }
  },
  "configs7": {
    "attack": "pgd",
    "description": "pgd_eps0.1",
    "eps": 0.1,
    "distribution": {
      "num_samples": 500,
      "transformation": "translation",
      "min_offset": -0.2,
      "max_offset": 0.2
    }
  },
  "configs8": {
    "attack": "pgd",
    "description": "pgd_eps0.2",
    "eps": 0.2,
    "distribution": {
      "num_samples": 500,
      "transformation": "translation",
      "min_offset": -0.2,
      "max_offset": 0.2
    }
  },
  "configs9": {
    "attack": "pgd",
    "description": "pgd_eps0.3",
    "eps": 0.3,
    "distribution": {
      "num_samples": 500,
      "transformation": "translation",
      "min_offset": -0.2,
      "max_offset": 0.2
    }
  }
}