{
    "dir": "../data/",
    "bs_file": "subsamples-mnist-ratio_0.1-279895.765.npy",
    "label_file": "sublabels-mnist-ratio_0.1-279895.765.npy",
    "ae_files": [
        "test_AE-mnist-cnn-clean-fgsm_eps0.1.npy",
        "test_AE-mnist-cnn-clean-fgsm_eps0.15.npy",
        "test_AE-mnist-cnn-clean-fgsm_eps0.2.npy",
        "test_AE-mnist-cnn-clean-fgsm_eps0.25.npy",
        "test_AE-mnist-cnn-clean-fgsm_eps0.3.npy",
        "test_AE-mnist-cnn-clean-bim_ord2_eps0.75.npy",
        "test_AE-mnist-cnn-clean-bim_ord2_eps0.85.npy",
        "test_AE-mnist-cnn-clean-bim_ord2_eps1.npy",
        "test_AE-mnist-cnn-clean-bim_ord2_eps1.1.npy",
        "test_AE-mnist-cnn-clean-bim_ord2_eps1.2.npy",
        "test_AE-mnist-cnn-clean-bim_ordinf_eps0.075.npy",
        "test_AE-mnist-cnn-clean-bim_ordinf_eps0.082.npy",
        "test_AE-mnist-cnn-clean-bim_ordinf_eps0.09.npy",
        "test_AE-mnist-cnn-clean-bim_ordinf_eps0.1.npy",
        "test_AE-mnist-cnn-clean-bim_ordinf_eps0.12.npy",
        "test_AE-mnist-cnn-clean-cw_l2_lr0.0098.npy",
        "test_AE-mnist-cnn-clean-cw_l2_lr0.01.npy",
        "test_AE-mnist-cnn-clean-cw_l2_lr0.012.npy",
        "test_AE-mnist-cnn-clean-cw_l2_lr0.015.npy",
        "test_AE-mnist-cnn-clean-cw_l2_lr0.018.npy",
        "test_AE-mnist-cnn-clean-deepfool_l2_overshoot3.npy",
        "test_AE-mnist-cnn-clean-deepfool_l2_overshoot5.npy",
        "test_AE-mnist-cnn-clean-deepfool_l2_overshoot8.npy",
        "test_AE-mnist-cnn-clean-deepfool_l2_overshoot16.npy",
        "test_AE-mnist-cnn-clean-deepfool_l2_overshoot50.npy",
        "test_AE-mnist-cnn-clean-jsma_theta0.15_gamma0.5.npy",
        "test_AE-mnist-cnn-clean-jsma_theta0.17_gamma0.5.npy",
        "test_AE-mnist-cnn-clean-jsma_theta0.18_gamma0.5.npy",
        "test_AE-mnist-cnn-clean-jsma_theta0.21_gamma0.5.npy",
        "test_AE-mnist-cnn-clean-jsma_theta0.25_gamma0.5.npy",
        "test_AE-mnist-cnn-clean-pgd_eps0.075.npy",
        "test_AE-mnist-cnn-clean-pgd_eps0.082.npy",
        "test_AE-mnist-cnn-clean-pgd_eps0.09.npy",
        "test_AE-mnist-cnn-clean-pgd_eps0.1.npy",
        "test_AE-mnist-cnn-clean-pgd_eps0.11.npy",
        "test_AE-mnist-cnn-clean-mim_eps0.06.npy",
        "test_AE-mnist-cnn-clean-mim_eps0.067.npy",
        "test_AE-mnist-cnn-clean-mim_eps0.075.npy",
        "test_AE-mnist-cnn-clean-mim_eps0.085.npy",
        "test_AE-mnist-cnn-clean-mim_eps0.1.npy",
        "test_AE-mnist-cnn-clean-onepixel_pxCount15.npy",
        "test_AE-mnist-cnn-clean-onepixel_pxCount30.npy",
        "test_AE-mnist-cnn-clean-onepixel_pxCount35.npy",
        "test_AE-mnist-cnn-clean-onepixel_pxCount40.npy",
        "test_AE-mnist-cnn-clean-onepixel_pxCount75.npy"
    ],
    "task1_aes" : [
        "FGSM_eps0.07.npy",
        "FGSM_eps0.10.npy",
        "FGSM_eps0.15.npy",
        "FGSM_eps0.20.npy",
        "FGSM_eps0.25.npy",
        "FGSM_eps0.30.npy",
        "PGD_eps0.07.npy",
        "PGD_eps0.10.npy",
        "PGD_eps0.15.npy",
        "PGD_eps0.20.npy",
        "PGD_eps0.25.npy",
        "PGD_eps0.30.npy"
    ],
    "task2_aes" : [
        "FGSM_eps0.07_EOT(ON).npy",
        "FGSM_eps0.10_EOT(ON).npy",
        "FGSM_eps0.15_EOT(ON).npy",
        "FGSM_eps0.20_EOT(ON).npy",
        "FGSM_eps0.25_EOT(ON).npy",
        "FGSM_eps0.30_EOT(ON).npy",
        "PGD_eps0.07_EOT(ON).npy",
        "PGD_eps0.10_EOT(ON).npy",
        "PGD_eps0.15_EOT(ON).npy",
        "PGD_eps0.20_EOT(ON).npy",
        "PGD_eps0.25_EOT(ON).npy",
        "PGD_eps0.30_EOT(ON).npy"
    ]
}







